{"cameraMode":{"drawMode":0,"name":"Shaded","section":"Shading Mode"},"sceneLighting":true,"audioPlay":false,"sceneViewState":{"m_AlwaysRefresh":false,"showFog":true,"showSkybox":false,"showFlares":true,"showImageEffects":true,"showParticleSystems":true,"showVisualEffectGraphs":true,"m_FxEnabled":true},"in2DMode":false,"pivot":{"x":-0.005576536059379578,"y":1.1843554973602296,"z":0.0013708770275115967},"rotation":{"x":0.16738392412662507,"y":-0.12239911407232285,"z":0.0209476500749588,"w":0.9780400991439819},"size":1.3762478828430176,"orthographic":false}