{"cameraMode":{"drawMode":0,"name":"Shaded","section":"Shading Mode"},"sceneLighting":false,"audioPlay":false,"sceneViewState":{"m_AlwaysRefresh":false,"showFog":true,"showSkybox":false,"showFlares":true,"showImageEffects":true,"showParticleSystems":true,"showVisualEffectGraphs":true,"m_FxEnabled":true},"in2DMode":false,"pivot":{"x":6.383224964141846,"y":0.8066543340682983,"z":27.906919479370118},"rotation":{"x":0.31976553797721865,"y":-0.00994847621768713,"z":0.0033576316200196745,"w":0.9474398493766785},"size":7.246011257171631,"orthographic":false}