{"cameraMode":{"drawMode":0,"name":"Shaded","section":"Shading Mode"},"sceneLighting":false,"audioPlay":false,"sceneViewState":{"m_AlwaysRefresh":false,"showFog":true,"showSkybox":false,"showFlares":true,"showImageEffects":true,"showParticleSystems":true,"showVisualEffectGraphs":true,"m_FxEnabled":true},"in2DMode":false,"pivot":{"x":-9.607091903686524,"y":1.0316557884216309,"z":36.219276428222659},"rotation":{"x":0.19662413001060487,"y":-0.028764797374606134,"z":0.005771044176071882,"w":0.9800398945808411},"size":15.547056198120118,"orthographic":false}