{"cameraMode":{"drawMode":0,"name":"Shaded","section":"Shading Mode"},"sceneLighting":true,"audioPlay":false,"sceneViewState":{"m_AlwaysRefresh":false,"showFog":true,"showSkybox":false,"showFlares":true,"showImageEffects":true,"showParticleSystems":true,"showVisualEffectGraphs":true,"m_FxEnabled":true},"in2DMode":false,"pivot":{"x":-12.359999656677246,"y":1.1999998092651368,"z":5.099999904632568},"rotation":{"x":0.23330843448638917,"y":0.013126998208463192,"z":-0.003149883123114705,"w":0.9723103642463684},"size":1.3266496658325196,"orthographic":false}