{"cameraMode":{"drawMode":0,"name":"Shaded","section":"Shading Mode"},"sceneLighting":true,"audioPlay":false,"sceneViewState":{"m_AlwaysRefresh":false,"showFog":true,"showSkybox":false,"showFlares":true,"showImageEffects":true,"showParticleSystems":true,"showVisualEffectGraphs":true,"m_FxEnabled":true},"in2DMode":false,"pivot":{"x":0.22016477584838868,"y":0.8080000877380371,"z":-0.0979008674621582},"rotation":{"x":0.16738392412662507,"y":-0.12239911407232285,"z":0.0209476500749588,"w":0.9780400991439819},"size":12.12435531616211,"orthographic":false}